Metric,Value
Prediction RMSE,21.227363835503926
Prediction R2 Score,-0.20320142976519096
